******************************************************Row Functions**********************************************************
Query:1
select staff_name,lpad(to_char(staff_sal,'99999D0000000000'),18,'$') "salary" from staff_masters;

Output:-

STAFF_NAME                                         salary
-------------------------------------------------- ------------------------------------------------------------------------
Arvind                                             $ 17000.0000000000
Shyam                                              $ 20000.0000000000
Mohan                                              $ 24000.0000000000
Anil                                               $ 20000.0000000000
John                                               $ 32000.0000000000
Allen                                              $ 42000.0000000000
Smith                                              $ 62000.0000000000
Raviraj                                            $ 18000.0000000000
Rahul                                              $ 22000.0000000000
Ram                                                $ 32000.0000000000

10 rows selected.

Query:2
select student_name "Name",to_char(student_dob,'MONTH,DD YYYY') "DOB" from student_masters where
 to_char(student_dob,'d') = 7 or to_char(student_dob,'d')= 1;

Output:-
Name                                               DOB
-------------------------------------------------- --------------------------------------------
Ravi                                               NOVEMBER ,01 1981
Raj                                                JANUARY  ,14 1979
Arvind                                             JANUARY  ,15 1983
Mehul                                              JANUARY  ,17 1982
Vijay                                              JANUARY  ,19 1980
Rajat                                              JANUARY  ,20 1980
Ramesh                                             DECEMBER ,27 1980
Amit Raj                                           SEPTEMBER,28 1980

8 rows selected.

Query:3
select staff_name "Name",round(months_between(sysdate,hiredate)) "Months Worked" from staff_masters;

Output:-
Name                                               Months Worked
-------------------------------------------------- -------------
Arvind                                                       193
Shyam                                                        204
Mohan                                                        205
Anil                                                         215
John                                                         217
Allen                                                        214
Smith                                                        203
Raviraj                                                      193
Rahul                                                        182
Ram                                                          205

10 rows selected.

Query:4
select * from staff_masters where hiredate like '%-DEC-%' and extract(day from hiredate)>1 and extract(day from hiredate)<16;

Output:-
STAFF_CODE STAFF_NAME                                         DESIGN_CODE  DEPT_CODE STAFF_DOB HIREDATE    MGR_CODE  STAFF_SAL STAFF_ADDRESS
---------- -------------------------------------------------- ----------- ---------- --------- --------- ---------- ---------- ------------------------------------------------------------------------------------------------------------------------------------------------------------------------------------------------------------------------------------------------
    100009 Rahul                                                      102         20 16-JAN-78 11-DEC-03     100006      22000 Hyderabad

Query:5
select staff_name "Name",staff_sal "salary", case
  2  when staff_sal>=50000 then 'A'
  3  when staff_sal>=25000 and staff_sal<50000 then 'B'
  4  when staff_sal>=10000 and staff_sal<25000 then 'C'
  5  else
  6  'D'
  7  end case from staff_masters;

Output:-
Name                                                   salary C
-------------------------------------------------- ---------- -
Arvind                                                  17000 C
Shyam                                                   20000 C
Mohan                                                   24000 C
Anil                                                    20000 C
John                                                    32000 B
Allen                                                   42000 B
Smith                                                   62000 A
Raviraj                                                 18000 C
Rahul                                                   22000 C
Ram                                                     32000 B

10 rows selected.

Query:6
select staff_name "Name",hiredate,to_char(hiredate,'DAY') "Hired Day" from staff_masters order by mod(to_char(hiredate,'D')+5,7);

Output:-
Name                                               HIREDATE  Hired Day
-------------------------------------------------- --------- ------------------------------------
Allen                                              23-APR-01 MONDAY
Smith                                              12-MAR-02 TUESDAY
Arvind                                             15-JAN-03 WEDNESDAY
Rahul                                              11-DEC-03 THURSDAY
Ram                                                17-JAN-02 THURSDAY
Raviraj                                            11-JAN-03 SATURDAY
Mohan                                              19-JAN-02 SATURDAY
Anil                                               11-MAR-01 SUNDAY
Shyam                                              17-FEB-02 SUNDAY
John                                               21-JAN-01 SUNDAY

10 rows selected.

Query:7
select instr('mississippi','i',1,3) as "position" from dual;

Output:-
  position
----------
         8

Query:8
select to_char(next_day(sysdate,'Friday'),'DDth fmmonth,YYYY') "Pay Date" from dual where next_day(sysdate,'Friday')<last_day(sysdate);

Output:-
Pay Date
----------------------------------------------
22ND february,2019

Query:9
select student_code "StuCode",student_name "Name",dept_code "DeptNo.",decode(dept_code,20,'Electricals',30,'Electronics','others') "Dept Name" from student_masters;

Output:-
   StuCode Name                                                  DeptNo. Dept Name
---------- -------------------------------------------------- ---------- -----------
      1001 Amit                                                       10 others
      1002 Ravi                                                       10 others
      1003 Ajay                                                       20 Electricals
      1004 Raj                                                        30 Electronics
      1005 Arvind                                                     40 others
      1006 Rahul                                                      50 others
      1007 Mehul                                                      20 Electricals
      1008 Dev                                                        10 others
      1009 Vijay                                                      30 Electronics
      1010 Rajat                                                      40 others
      1011 Sunder                                                     50 others

   StuCode Name                                                  DeptNo. Dept Name
---------- -------------------------------------------------- ---------- -----------
      1012 Rajesh                                                     30 Electronics
      1013 Anil                                                       20 Electricals
      1014 Sunil                                                      10 others
      1015 Kapil                                                      40 others
      1016 Ashok                                                      40 others
      1017 Ramesh                                                     30 Electronics
      1018 Amit Raj                                                   50 others
      1019 Ravi Raj                                                   50 others
      1020 Amrit                                                      10 others
      1021 Sumit                                                      20 Electricals

21 rows selected.

****************************************************Group Functions************************************************************

Query:1
select dept_code "Code",max(staff_sal) "Maximum",min(staff_sal) "Minimum",round(avg(staff_sal)) "Average",sum(staff_sal)"Total" from staff_masters group by dept_code;

Output:-
      Code    Maximum    Minimum    Average      Total
---------- ---------- ---------- ---------- ----------
        30      42000      17000      30333      91000
        20      62000      20000      31000     124000
        40      18000      18000      18000      18000
        10      32000      24000      28000      56000

Query:2
select dept_code,count(mgr_code) "Total number of Managers" from staff_masters group by dept_code;

Output:-
 DEPT_CODE Total number of Managers
---------- ------------------------
        30                        3
        20                        4
        40                        1
        10                        2

Query:3
select dept_code "deptNumber",sum(staff_sal) "Total salary" from staff_masters where mgr_code is null group by dept_code having sum(staff_sal)>20000;

Output:-
no rows selected